scene,method,seed,count,identity,position,pose,composition,success,score,note
s01,tags-only,101,1,0,1,1,1,0,4,さやかに眼鏡
s01,tags-only,202,1,1,1,1,1,1,5,
s01,tags-only,303,1,0,1,0,1,0,3,さやかに眼鏡;ポーズが入れ替わり
s01,tags-only,404,1,0,1,0,1,0,3,スカートが入れ替わり（なつみ黒・さやかカーキ）;ポーズが入れ替わり
s01,name-then-appearance,101,1,0,1,1,1,0,4,なつみが下ろし髪でポニーテールなし;スカートが入れ替わり;さやかの髪が結ばれている
s01,name-then-appearance,202,1,0,1,1,1,0,4,さやかに眼鏡
s01,name-then-appearance,303,1,0,1,0,1,0,3,さやかに眼鏡;ポーズが入れ替わり
s01,name-then-appearance,404,1,1,1,0,1,0,4,ポーズが入れ替わり（さやかが手を振り、なつみが腰に手）
s01,nl-sentences,101,1,1,1,1,1,1,5,
s01,nl-sentences,202,1,1,1,1,1,1,5,
s01,nl-sentences,303,1,1,1,1,1,1,5,
s01,nl-sentences,404,1,1,1,1,1,1,5,
s01,hybrid-tags-nl,101,1,1,1,1,1,1,5,
s01,hybrid-tags-nl,202,1,1,1,1,1,1,5,
s01,hybrid-tags-nl,303,1,1,1,1,1,1,5,
s01,hybrid-tags-nl,404,1,1,1,1,1,1,5,
s01,skill-position-blocks,101,1,1,1,0,0,0,3,分割コマ（別背景の2枚）;なつみが左手で手を振る
s01,skill-position-blocks,202,1,1,1,1,0,0,4,分割コマ（別背景の2枚）
s01,skill-position-blocks,303,1,1,1,1,0,0,4,分割コマ（別背景の2枚）
s01,skill-position-blocks,404,1,1,1,1,0,0,4,分割コマ（中央で背景が継ぎ目になっている）
s01,image-side-blocks,101,1,1,1,1,0,0,4,分割コマ（別背景の2枚）
s01,image-side-blocks,202,1,1,1,1,0,0,4,分割コマ（別背景の2枚）
s01,image-side-blocks,303,1,1,1,1,0,0,4,分割コマ（別背景の2枚）
s01,image-side-blocks,404,1,1,1,1,0,0,4,分割コマ（中央で背景が継ぎ目になっている）
s01,labeled-groups,101,1,1,1,1,1,1,5,
s01,labeled-groups,202,1,1,1,1,1,1,5,
s01,labeled-groups,303,1,0,1,1,1,0,4,さやかに眼鏡
s01,labeled-groups,404,1,1,1,1,1,1,5,
s01,interaction-relations,101,1,1,1,1,1,1,5,
s01,interaction-relations,202,1,1,1,1,1,1,5,
s01,interaction-relations,303,1,1,1,1,1,1,5,
s01,interaction-relations,404,1,1,1,1,1,1,5,
s01,tags-break,101,1,1,1,1,1,1,5,
s01,tags-break,202,1,0,1,1,1,0,4,さやかに眼鏡
s01,tags-break,303,1,0,1,0,1,0,3,さやかに眼鏡;ポーズが入れ替わり（さやかが手を振り、なつみが腰に手）
s01,tags-break,404,1,1,1,0,1,0,4,ポーズが入れ替わり（さやかが手を振り、なつみが腰に手）
s02,tags-only,101,1,0,0,0,1,0,2,属性混線: 左が金髪＋緑セーター＋カーゴ、中央がポニテ＋赤パーカー、右が眼鏡ボブ＋青T＋茶スカート;配置と動作が指定キャラと不一致
s02,tags-only,202,1,0,0,0,1,0,2,属性混線: 左が金髪＋青T＋カーゴ、中央が眼鏡ポニテ＋緑セーター、右が眼鏡ボブ＋赤パーカー;配置と動作が指定キャラと不一致
s02,tags-only,303,1,0,0,0,1,0,2,属性混線: 左が金髪眼鏡＋緑セーター＋カーゴ、中央が眼鏡ボブ＋青T、右が赤パーカー;配置と動作が指定キャラと不一致
s02,tags-only,404,1,0,0,0,1,0,2,属性混線: 左が金髪＋赤パーカー＋茶スカート、中央がポニテ＋緑セーター＋カーゴ、右が黒長髪眼鏡＋青T;配置と動作が指定キャラと不一致
s02,name-then-appearance,101,1,1,0,1,1,0,4,並び順が違う（左さやか・中央なつみ）
s02,name-then-appearance,202,1,0,0,0,1,0,2,左さやか（カーゴ）・中央なつみ・右が黒長髪＋青T;ピースが右の人物、なつみは腰に手
s02,name-then-appearance,303,1,0,0,0,1,0,2,左さやか（眼鏡・カーゴ）・中央が眼鏡ボブ＋青T＋黒スカート・右がポニテ＋緑セーター;配置と動作が指定キャラと不一致
s02,name-then-appearance,404,1,0,0,0,1,0,2,左さやか・中央なつみ（カーゴ）・右あき（黒スカート）;ピースがさやか、腕組みがなつみ
s02,nl-sentences,101,1,1,1,1,1,1,5,
s02,nl-sentences,202,1,1,1,1,1,1,5,
s02,nl-sentences,303,1,1,1,1,1,1,5,
s02,nl-sentences,404,1,1,1,1,1,1,5,
s02,hybrid-tags-nl,101,1,1,1,1,1,1,5,
s02,hybrid-tags-nl,202,1,1,1,1,1,1,5,
s02,hybrid-tags-nl,303,1,1,1,1,1,1,5,
s02,hybrid-tags-nl,404,1,1,1,1,1,1,5,
s02,skill-position-blocks,101,1,1,1,1,1,1,5,
s02,skill-position-blocks,202,1,1,1,1,1,1,5,
s02,skill-position-blocks,303,1,1,1,1,1,1,5,
s02,skill-position-blocks,404,1,1,1,1,1,1,5,
s02,image-side-blocks,101,1,1,1,1,1,1,5,
s02,image-side-blocks,202,1,1,1,1,1,1,5,
s02,image-side-blocks,303,1,1,1,1,1,1,5,
s02,image-side-blocks,404,1,1,1,1,1,1,5,
s02,labeled-groups,101,1,0,1,0,1,0,3,あきに眼鏡;さやかが腕組みせずポケットに手、腕組みはあき
s02,labeled-groups,202,1,0,1,0,1,0,3,なつみがカーゴパンツ、さやかに眼鏡、あきが黒スカート;さやかが腕組みせず腕組みはあき
s02,labeled-groups,303,1,0,0,0,1,0,2,属性混線: 左が金髪＋緑セーター、中央が黒長髪眼鏡＋赤パーカー;さやかが中央にいない;ピースが右の人物
s02,labeled-groups,404,1,0,0,0,1,0,2,属性混線: 左が金髪眼鏡＋緑セーター、中央が黒髪＋赤パーカー、右が黒スカート;配置と動作が指定キャラと不一致
s02,interaction-relations,101,1,1,1,1,1,1,5,
s02,interaction-relations,202,1,1,1,1,1,1,5,
s02,interaction-relations,303,1,1,1,1,1,1,5,
s02,interaction-relations,404,1,1,1,1,1,1,5,
s02,tags-break,101,1,0,0,0,1,0,2,属性混線: 左が金髪＋緑セーター＋カーゴ、中央がボブ＋赤パーカー、右が眼鏡ボブ＋青T＋茶スカート;さやかが中央にいない
s02,tags-break,202,1,0,0,0,1,0,2,属性混線: 左が金髪＋青T＋カーゴ、中央が黒長髪眼鏡＋緑セーター、右が眼鏡ボブ＋赤パーカー;配置と動作が指定キャラと不一致
s02,tags-break,303,1,0,0,0,1,0,2,属性混線: 左が金髪＋緑セーター＋カーゴ、中央が眼鏡ボブ＋青T＋茶スカート、右が眼鏡＋赤パーカー;配置と動作が指定キャラと不一致
s02,tags-break,404,1,0,0,0,1,0,2,属性混線: 左が金髪＋緑セーター、中央がポニテ＋青T＋カーゴ、右が眼鏡ボブ＋赤パーカー;配置と動作が指定キャラと不一致
s03,tags-only,101,1,0,1,1,1,0,4,さやかが金髪ボブ・カーゴパンツ、あきが黒髪ロング・黒スカート
s03,tags-only,202,1,0,1,1,1,0,4,あきに小さなポニーテール、さやかがカーゴパンツ・あきが黒スカート
s03,tags-only,303,1,0,0,0,1,0,2,頭と服が入れ替わり（ボブ頭に赤パーカー、金髪に青T）、左の人物が手をポケット
s03,tags-only,404,1,0,0,1,1,0,3,頭と服が入れ替わり（ボブ頭に赤パーカー、金髪に青T）
s03,name-then-appearance,101,1,0,1,1,1,0,4,あきが黒髪ロング・黒スカート、さやかがカーゴパンツ
s03,name-then-appearance,202,1,0,1,1,1,0,4,あきに小さなポニーテール、さやかがカーゴパンツ・あきが黒スカート
s03,name-then-appearance,303,1,0,1,1,1,0,4,さやかが金髪ボブ・カーゴパンツ、あきが黒髪ロング・黒スカート
s03,name-then-appearance,404,1,0,1,1,1,0,4,さやかがカーゴパンツ・あきが黒スカート（下衣入れ替わり）
s03,nl-sentences,101,1,1,1,1,1,1,5,
s03,nl-sentences,202,1,1,1,1,1,1,5,
s03,nl-sentences,303,1,1,1,1,1,1,5,
s03,nl-sentences,404,1,1,1,1,1,1,5,
s03,hybrid-tags-nl,101,1,1,1,1,1,1,5,
s03,hybrid-tags-nl,202,1,1,1,1,1,1,5,
s03,hybrid-tags-nl,303,1,1,1,1,1,1,5,
s03,hybrid-tags-nl,404,1,1,1,1,1,1,5,
s03,skill-position-blocks,101,1,1,1,1,1,1,5,
s03,skill-position-blocks,202,1,1,1,1,1,1,5,
s03,skill-position-blocks,303,1,1,1,1,1,1,5,
s03,skill-position-blocks,404,1,1,1,1,1,1,5,
s03,image-side-blocks,101,1,1,1,1,1,1,5,
s03,image-side-blocks,202,1,1,1,1,1,1,5,
s03,image-side-blocks,303,1,1,1,1,1,1,5,
s03,image-side-blocks,404,1,1,1,1,1,1,5,
s03,labeled-groups,101,1,1,1,0,1,0,4,あきが腕組みしていない
s03,labeled-groups,202,1,1,1,0,1,0,4,あきが腕組みしていない
s03,labeled-groups,303,1,0,1,1,1,0,4,あきが黒髪ポニーテール
s03,labeled-groups,404,1,1,1,0,1,0,4,あきが腕組みしていない
s03,interaction-relations,101,1,1,1,1,1,1,5,
s03,interaction-relations,202,1,1,1,1,1,1,5,
s03,interaction-relations,303,1,1,1,1,1,1,5,
s03,interaction-relations,404,1,1,1,1,1,1,5,
s03,tags-break,101,1,0,1,1,1,0,4,あきが黒髪ロング・黒スカート、さやかがカーゴパンツ（下衣入れ替わり）
s03,tags-break,202,1,0,1,1,1,0,4,あきの後ろ髪に小さなポニーテール、さやかがカーゴパンツ・あきが黒スカート
s03,tags-break,303,1,0,0,0,1,0,2,頭と服が入れ替わり（ボブ頭に赤パーカー、金髪に青T）、左の人物が手をポケット
s03,tags-break,404,1,0,0,1,1,0,3,頭と服が入れ替わり（ボブ頭に赤パーカー、金髪に青T）
s04,tags-only,101,1,0,0,0,1,0,2,上下逆（金髪・赤パーカーが上）、下のなつみも赤パーカー
s04,tags-only,202,1,0,0,0,1,0,2,上が金髪＋眼鏡＋緑セーター、下が黒髪眼鏡＋赤パーカーで属性混線、上の腕が十分に挙がっていない
s04,tags-only,303,1,0,0,0,1,0,2,上下逆（金髪・赤パーカーが上）、両者眼鏡
s04,tags-only,404,1,0,0,0,1,0,2,服が入れ替わり（黒髪眼鏡が赤パーカーで上、金髪眼鏡が緑セーターで下）
s04,name-then-appearance,101,1,1,0,0,1,0,3,上下逆（さやかが上でなつみが下）
s04,name-then-appearance,202,1,1,0,0,1,0,3,上下逆（さやかが上でなつみが下）、上が提灯を掲げる
s04,name-then-appearance,303,1,1,0,0,1,0,3,上下逆（さやかが上でなつみが下）
s04,name-then-appearance,404,1,0,0,0,1,0,2,上が黒髪ボブ眼鏡なし＋赤パーカー、下が金髪眼鏡＋緑セーターで属性混線
s04,nl-sentences,101,1,1,1,1,1,1,5,
s04,nl-sentences,202,1,1,1,1,1,1,5,
s04,nl-sentences,303,1,1,1,1,1,1,5,
s04,nl-sentences,404,1,1,1,1,1,1,5,
s04,hybrid-tags-nl,101,1,1,1,1,1,1,5,
s04,hybrid-tags-nl,202,1,1,1,1,1,1,5,
s04,hybrid-tags-nl,303,1,1,1,1,1,1,5,
s04,hybrid-tags-nl,404,1,1,1,1,1,1,5,
s04,skill-position-blocks,101,1,1,1,1,1,1,5,
s04,skill-position-blocks,202,1,1,1,1,1,1,5,
s04,skill-position-blocks,303,1,1,1,1,1,1,5,
s04,skill-position-blocks,404,1,1,1,1,1,1,5,
s04,image-side-blocks,101,1,1,1,0,1,0,4,なつみの腕が肩の高さまでしか挙がっていない
s04,image-side-blocks,202,1,1,1,0,1,0,4,なつみが腕を挙げず手を下ろしている
s04,image-side-blocks,303,1,1,1,1,1,1,5,
s04,image-side-blocks,404,1,1,1,1,1,1,5,
s04,labeled-groups,101,1,0,1,1,1,0,4,眼鏡がさやかに移りなつみは眼鏡なし
s04,labeled-groups,202,1,1,1,0,1,0,4,なつみが腕を挙げていない
s04,labeled-groups,303,1,1,1,1,1,1,5,
s04,labeled-groups,404,1,1,1,1,1,1,5,
s04,interaction-relations,101,1,1,1,1,1,1,5,
s04,interaction-relations,202,1,1,1,1,1,1,5,
s04,interaction-relations,303,1,1,1,1,1,1,5,
s04,interaction-relations,404,1,1,1,1,1,1,5,
s04,tags-break,101,1,0,0,0,1,0,2,上下逆（金髪・赤パーカーが上）、下のなつみも赤パーカー
s04,tags-break,202,1,0,0,0,1,0,2,上が金髪＋眼鏡＋緑セーター、下が黒髪眼鏡＋赤パーカーで属性混線、上の腕が十分に挙がっていない
s04,tags-break,303,1,0,0,0,1,0,2,上下逆（金髪・赤パーカーが上）、両者眼鏡
s04,tags-break,404,1,0,0,0,1,0,2,服が入れ替わり（黒髪眼鏡が赤パーカーで上、金髪眼鏡が緑セーターで下）
s05,tags-only,101,1,0,1,1,0,0,3,髪色・髪型が入れ替わり（抱える側が金髪ボブ、抱えられる側が黒髪ロング）。正面構図
s05,tags-only,202,1,0,0,0,0,0,1,抱える側=金髪ボブ+赤パーカー+カーゴ、抱えられる側=黒髪ロング+青T+黒スカートで役割判別不能。正面寄りで from side 不成立
s05,tags-only,303,1,0,0,0,0,0,1,抱える側=金髪ボブ+赤パーカー+カーゴ、抱えられる側=黒髪ロング+青T+黒スカートで役割判別不能。正面寄り
s05,tags-only,404,1,0,1,1,1,0,4,上着が入れ替わり（あきが赤パーカー、さやかが青T）
s05,name-then-appearance,101,1,1,1,1,1,1,5,
s05,name-then-appearance,202,1,0,0,0,0,0,1,抱える側=金髪ボブ+赤パーカー+カーゴ、抱えられる側=黒髪ロング+青T+黒スカートで役割判別不能。正面寄りで from side 不成立
s05,name-then-appearance,303,1,0,1,1,1,0,4,上着が入れ替わり（あきが赤パーカー、さやかが青T）
s05,name-then-appearance,404,1,0,1,1,1,0,4,上着が入れ替わり（あきが赤パーカー、さやかが青T）
s05,nl-sentences,101,1,1,1,1,1,1,5,
s05,nl-sentences,202,1,1,1,1,1,1,5,
s05,nl-sentences,303,1,1,1,1,1,1,5,
s05,nl-sentences,404,1,1,1,1,1,1,5,
s05,hybrid-tags-nl,101,1,1,1,1,1,1,5,
s05,hybrid-tags-nl,202,1,1,1,1,1,1,5,
s05,hybrid-tags-nl,303,1,1,1,1,1,1,5,
s05,hybrid-tags-nl,404,1,1,1,1,1,1,5,
s05,skill-position-blocks,101,1,1,1,1,1,1,5,
s05,skill-position-blocks,202,1,1,1,1,1,1,5,
s05,skill-position-blocks,303,1,1,1,1,1,1,5,
s05,skill-position-blocks,404,1,1,1,1,1,1,5,
s05,image-side-blocks,101,1,1,1,1,1,1,5,
s05,image-side-blocks,202,1,1,1,1,1,1,5,
s05,image-side-blocks,303,1,1,1,1,1,1,5,
s05,image-side-blocks,404,1,1,1,1,1,1,5,
s05,labeled-groups,101,1,0,1,1,0,0,3,髪色・髪型が入れ替わり（抱える側が金髪ボブ、抱えられる側が黒髪ロング）。正面構図
s05,labeled-groups,202,1,0,0,0,0,0,1,抱える側=金髪ボブ+赤パーカー+カーゴ、抱えられる側=黒髪ロング+青T+黒スカートで役割判別不能。正面寄りで from side 不成立
s05,labeled-groups,303,1,0,1,1,1,0,4,髪色・髪型が入れ替わり（抱える側が金髪ボブ、抱えられる側が黒髪ロング）
s05,labeled-groups,404,1,0,1,1,1,0,4,上着が入れ替わり（あきが赤パーカー、さやかが青T）
s05,interaction-relations,101,1,1,1,0,0,0,3,お姫様抱っこにならず肩に担ぐ/抱きつく形
s05,interaction-relations,202,1,1,1,0,0,0,3,お姫様抱っこにならず担ぎ上げる形
s05,interaction-relations,303,1,1,1,1,1,1,5,
s05,interaction-relations,404,1,1,1,0,1,0,4,さやかの腕が首でなく頭の上
s05,tags-break,101,1,0,0,0,0,0,1,抱える側=金髪ボブ+赤パーカー+カーゴ、抱えられる側=黒髪ロング+青T+黒スカートで役割判別不能。正面寄りで from side 不成立
s05,tags-break,202,1,0,0,0,0,0,1,抱える側=金髪ボブ+赤パーカー+カーゴ、抱えられる側=黒髪ロング+青T+黒スカートで役割判別不能。正面寄りで from side 不成立
s05,tags-break,303,1,0,1,1,1,0,4,髪色・髪型が入れ替わり（抱える側が金髪ボブ、抱えられる側が黒髪ロング）
s05,tags-break,404,1,0,1,1,1,0,4,上着が入れ替わり（あきが赤パーカー、さやかが青T）
s06,tags-only,101,1,0,0,0,0,0,1,両者とも逆さま、両者に眼鏡、なつみが左
s06,tags-only,202,1,0,0,0,0,0,1,両者とも逆さまで体が融合、ボブが眼鏡
s06,tags-only,303,1,0,0,0,0,0,1,左=眼鏡ポニテ+青T+カーゴで正立、右=緑セーター体に逆さ頭、鉄棒にぶら下がらず
s06,tags-only,404,0,0,0,0,0,0,0,3人出現（中央に逆さの頭）、ボブが眼鏡+紺上着で正立、逆さま不成立
s06,name-then-appearance,101,1,0,1,1,1,0,4,あきがロングヘアで青長袖、なつみのスカートがベージュ
s06,name-then-appearance,202,1,1,0,0,1,0,3,左右逆（なつみ左・あき右）、あきが鉄棒を握る
s06,name-then-appearance,303,1,0,0,0,0,0,1,左=眼鏡ポニテ+青T+カーゴで正立、右=緑セーター体に逆さ頭、ぶら下がり不成立
s06,name-then-appearance,404,1,1,1,1,1,1,5,
s06,nl-sentences,101,1,1,1,1,1,1,5,
s06,nl-sentences,202,1,1,1,1,1,1,5,
s06,nl-sentences,303,1,1,1,1,1,1,5,
s06,nl-sentences,404,1,1,1,1,1,1,5,
s06,hybrid-tags-nl,101,1,1,1,1,1,1,5,
s06,hybrid-tags-nl,202,1,1,1,1,1,1,5,
s06,hybrid-tags-nl,303,1,1,1,1,1,1,5,
s06,hybrid-tags-nl,404,1,1,1,1,1,1,5,
s06,skill-position-blocks,101,1,1,1,0,1,0,4,あきが手で鉄棒を握り腕が垂れていない
s06,skill-position-blocks,202,1,1,1,0,1,0,4,あきが手で鉄棒を握り腕が垂れていない
s06,skill-position-blocks,303,1,1,1,0,1,0,4,あきが手で鉄棒を握り腕が垂れていない
s06,skill-position-blocks,404,1,1,1,1,1,1,5,
s06,image-side-blocks,101,1,1,1,1,1,1,5,
s06,image-side-blocks,202,1,1,1,0,1,0,4,あきの片腕が上がり垂れていない
s06,image-side-blocks,303,1,1,1,0,1,0,4,あきが手で鉄棒を握り腕が垂れていない
s06,image-side-blocks,404,1,1,1,1,1,1,5,
s06,labeled-groups,101,1,1,1,1,1,1,5,
s06,labeled-groups,202,1,1,1,0,1,0,4,あきの片腕が上がり鉄棒/脚を掴む
s06,labeled-groups,303,1,1,1,0,1,0,4,あきが手で鉄棒を握り腕が垂れていない
s06,labeled-groups,404,1,1,1,1,1,1,5,
s06,interaction-relations,101,1,1,1,1,1,1,5,
s06,interaction-relations,202,1,1,1,0,1,0,4,あきが手で鉄棒を握る
s06,interaction-relations,303,1,1,1,1,1,1,5,
s06,interaction-relations,404,1,1,1,1,1,1,5,
s06,tags-break,101,1,0,0,0,0,0,1,両者とも逆さまで体が融合、あきに眼鏡、なつみが左
s06,tags-break,202,1,0,0,0,0,0,1,両者とも逆さま、両者に眼鏡
s06,tags-break,303,1,1,1,0,1,0,4,あきが手で鉄棒を握り腕が垂れていない
s06,tags-break,404,1,0,1,1,1,0,4,服が入れ替わり（あきが緑セーター、なつみが紺の上着）
s07,tags-only,101,1,0,0,0,1,0,2,上=金髪ボブ青、中=黒髪緑、下=眼鏡赤パーカー。服装混線・順序不一致
s07,tags-only,202,1,0,0,0,1,0,2,上=黒髪緑、中=眼鏡ボブ青T、下=金髪赤パーカー。順序不一致
s07,tags-only,303,0,0,0,0,0,0,0,4人の縦積み、服装混線
s07,tags-only,404,1,0,0,0,1,0,2,上=眼鏡ボブ青、中=眼鏡赤パーカー、下=金髪緑。順序不一致
s07,name-then-appearance,101,1,0,1,0,1,0,3,さやかが金髪ボブ、あきが茶ロングスカート。さやかが腕を上げていない
s07,name-then-appearance,202,0,0,0,0,0,0,0,4人の縦積み
s07,name-then-appearance,303,0,0,0,0,0,0,0,4人の縦積み、金髪に眼鏡
s07,name-then-appearance,404,1,0,1,1,1,0,4,さやかが金髪ボブ、あきがロング黒髪+黒スカート
s07,nl-sentences,101,1,1,1,0,1,0,4,なつみがさやかの脚を持っていない、あきが苦しそうでない
s07,nl-sentences,202,0,0,0,0,0,0,0,4人の縦積み(眼鏡ボブが追加)
s07,nl-sentences,303,0,0,0,0,0,0,0,4人の縦積み(眼鏡ボブが追加)
s07,nl-sentences,404,0,0,0,0,0,0,0,4人の縦積み(眼鏡の茶髪が追加)
s07,hybrid-tags-nl,101,1,0,1,0,1,0,3,さやかに眼鏡、なつみがさやかの脚を持っていない
s07,hybrid-tags-nl,202,0,0,0,0,0,0,0,4人の縦積み(眼鏡の茶髪が追加)
s07,hybrid-tags-nl,303,1,1,1,0,1,0,4,なつみがさやかの脚を持っていない
s07,hybrid-tags-nl,404,1,0,1,1,1,0,4,さやかに眼鏡
s07,skill-position-blocks,101,1,1,1,0,1,0,4,なつみがさやかの脚を持っていない
s07,skill-position-blocks,202,1,1,1,1,1,1,5,
s07,skill-position-blocks,303,1,1,1,0,1,0,4,なつみがさやかの脚を持っていない
s07,skill-position-blocks,404,1,1,1,0,1,0,4,なつみがさやかの脚を持っていない
s07,image-side-blocks,101,1,1,1,0,1,0,4,なつみがさやかの脚を持っていない
s07,image-side-blocks,202,1,1,1,1,1,1,5,
s07,image-side-blocks,303,1,1,1,1,1,1,5,
s07,image-side-blocks,404,1,1,1,1,1,1,5,
s07,labeled-groups,101,1,0,1,0,1,0,3,さやかが金髪ボブ、あきが茶ロングスカート。さやかが腕を上げていない
s07,labeled-groups,202,0,0,0,0,0,0,0,4人の縦積み(眼鏡ボブが追加)
s07,labeled-groups,303,1,0,0,0,1,0,2,上=黒髪ボブ赤パーカー、中=金髪緑セーター、下=眼鏡黒髪青T。順序不一致
s07,labeled-groups,404,1,0,1,0,1,0,3,さやかが金髪ボブ+眼鏡、あきが黒スカート。さやかが腕を上げていない
s07,interaction-relations,101,0,0,0,0,0,0,0,4人の縦積み(眼鏡ボブが追加)
s07,interaction-relations,202,0,0,0,0,0,0,0,4人の縦積み(眼鏡ボブが追加)
s07,interaction-relations,303,1,1,1,1,1,1,5,
s07,interaction-relations,404,1,1,1,0,1,0,4,なつみがさやかの脚を持っていない
s07,tags-break,101,1,0,0,0,1,0,2,上=あき風(赤パーカー)、中=金髪眼鏡、下=眼鏡黒髪で服装混線・順序不一致
s07,tags-break,202,1,0,0,0,1,0,2,上=ボブ緑セーター、中=眼鏡赤パーカー、下=金髪青T。服装混線・順序不一致
s07,tags-break,303,0,0,0,0,0,0,0,4人の縦積み、服装混線
s07,tags-break,404,1,0,0,0,1,0,2,上=ボブ青T、中=金髪眼鏡赤パーカー、下=眼鏡緑。服装混線・順序不一致
s08,tags-only,101,1,0,0,0,1,0,2,前景がなつみ系、遠景に金髪赤パーカー
s08,tags-only,202,1,0,0,0,0,0,1,前景がなつみ系(右)、遠景が大きめ、服装混線
s08,tags-only,303,0,0,0,0,0,0,0,遠景3人で4人、前景がなつみ系
s08,tags-only,404,1,0,0,0,1,0,2,前景がなつみ系(右)、遠景の服装混線
s08,name-then-appearance,101,1,0,0,0,1,0,2,前景がなつみ系(右)、遠景に金髪+赤パーカーの黒髪
s08,name-then-appearance,202,1,0,0,0,1,0,2,前景がなつみ系(右)、服装混線
s08,name-then-appearance,303,1,0,0,0,0,0,1,前景がなつみ系(右)、服装混線、遠景が大きめ
s08,name-then-appearance,404,1,0,0,0,0,0,1,前景がなつみ系(右)、服装混線、遠景が大きい
s08,nl-sentences,101,0,0,0,1,0,0,1,遠景に余分な小人物で4人、なつみが大きめ
s08,nl-sentences,202,0,0,0,1,0,0,1,余分な小人物で4人以上、なつみが右で大きい
s08,nl-sentences,303,0,0,0,1,0,0,1,遠景に小人物2人で4人、なつみが大きい
s08,nl-sentences,404,0,0,0,0,0,0,0,余分な小人物で4人、なつみが右で手を振らずあきが手を振る
s08,hybrid-tags-nl,101,0,0,0,1,0,0,1,さやかが顔アップでなく上半身、余分な小人物で4人
s08,hybrid-tags-nl,202,0,0,0,1,0,0,1,余分な小人物で4人、遠景2人が大きい
s08,hybrid-tags-nl,303,0,0,0,1,0,0,1,余分な小人物で4人、遠景2人が大きい
s08,hybrid-tags-nl,404,0,0,0,1,0,0,1,さやかが中央、余分な小人物で4人、なつみが大きい
s08,skill-position-blocks,101,1,1,1,1,1,1,5,
s08,skill-position-blocks,202,1,0,1,1,0,0,3,なつみが大きく遠景に見えない、あきの下衣が暗色
s08,skill-position-blocks,303,0,0,0,1,0,0,1,さやかに眼鏡、遠景に小人物が2人で4人、なつみが大きい
s08,skill-position-blocks,404,1,0,0,1,0,0,2,なつみが右で大きい、あきの服が緑系+暗色スカート
s08,image-side-blocks,101,0,0,0,1,0,0,1,さやかが右、遠景に余分な小人物で4人、遠景2人が大きい
s08,image-side-blocks,202,0,0,0,0,0,0,0,さやかが右、4人、なつみが大きく手を振っていない
s08,image-side-blocks,303,0,0,0,1,0,0,1,さやかが右、4人、遠景2人が大きめ
s08,image-side-blocks,404,0,0,0,1,0,0,1,さやかが右、4人、なつみが大きい
s08,labeled-groups,101,1,0,0,0,0,0,1,前景がなつみ系、遠景の服装混線、遠景が大きい
s08,labeled-groups,202,1,0,0,0,0,0,1,前景がなつみ系(右)、遠景の服装混線、遠景が大きめ
s08,labeled-groups,303,1,0,0,0,0,0,1,前景がなつみ系、遠景の服装混線、遠景が大きめ
s08,labeled-groups,404,1,0,0,0,1,0,2,前景がなつみ系(右)、遠景の服装混線
s08,interaction-relations,101,0,0,0,1,0,0,1,遠景に余分な小人物で4人、なつみが大きめ
s08,interaction-relations,202,0,0,0,1,0,0,1,余分な小人物で4人、なつみが右で大きい
s08,interaction-relations,303,0,0,0,1,0,0,1,余分な小人物で4人、あきに眼鏡、なつみが大きい
s08,interaction-relations,404,0,0,0,1,0,0,1,余分な小人物で4人、なつみが右で大きい
s08,tags-break,101,1,0,0,0,1,0,2,前景が眼鏡黒髪緑セーター(なつみ系)、遠景に金髪赤パーカー
s08,tags-break,202,1,0,0,0,1,0,2,前景が眼鏡黒髪(右)、遠景の服装混線
s08,tags-break,303,0,0,0,0,0,0,0,遠景3人で4人、前景がなつみ系
s08,tags-break,404,1,0,0,0,1,0,2,前景がなつみ系(右)、遠景の服装混線
s09,tags-only,101,1,0,0,0,0,0,1,横並び、なつみに眼鏡無し、眼鏡の子が赤パーカー＋カーキ、金髪が水色長袖＋黒スカート
s09,tags-only,202,1,0,0,0,0,0,1,横並び、金髪ボブが水色長袖＋カーキ、なつみがカーキ、服の混線
s09,tags-only,303,1,0,0,0,0,0,1,横並び、あき風の子が赤パーカー＋眼鏡、金髪ボブが緑セーター、服の混線
s09,tags-only,404,1,0,0,0,0,0,1,横並び、なつみ髪型の子が赤パーカー、金髪に眼鏡で緑セーター、あきに眼鏡
s09,name-then-appearance,101,1,0,0,0,1,0,2,上の子が黒髪で赤パーカー＋カーキ、なつみがカーキで下段左、金髪が水色T＋黒スカートで目を開けて笑う
s09,name-then-appearance,202,1,0,0,1,0,0,2,さやかの服が白、あきが赤パーカー、なつみがカーキ、放射状でない
s09,name-then-appearance,303,1,0,0,0,0,0,1,横並び、金髪が水色T＋茶スカート、金髪ボブに眼鏡で赤パーカー、黒髪が緑セーター＋眼鏡無し
s09,name-then-appearance,404,1,0,0,1,0,0,2,さやかが茶スカート、なつみがカーキ、あきが黒スカート＋ポニーテール、放射状でない
s09,nl-sentences,101,1,1,1,1,1,1,5,
s09,nl-sentences,202,1,1,1,1,1,1,5,
s09,nl-sentences,303,1,1,1,1,1,1,5,
s09,nl-sentences,404,1,1,1,1,1,1,5,
s09,hybrid-tags-nl,101,1,1,1,1,1,1,5,
s09,hybrid-tags-nl,202,1,1,1,1,1,1,5,
s09,hybrid-tags-nl,303,1,1,1,1,1,1,5,
s09,hybrid-tags-nl,404,1,1,1,1,1,1,5,
s09,skill-position-blocks,101,1,1,1,1,1,1,5,
s09,skill-position-blocks,202,1,1,1,1,1,1,5,
s09,skill-position-blocks,303,1,1,1,1,1,1,5,
s09,skill-position-blocks,404,1,1,1,1,1,1,5,
s09,image-side-blocks,101,0,0,0,1,1,0,2,4人出現（なつみが2人、片方はベージュパンツ）
s09,image-side-blocks,202,0,0,0,1,1,0,2,4人出現（なつみが2人）、あきに眼鏡
s09,image-side-blocks,303,0,0,0,1,1,0,2,4人出現（なつみが2人）、あきに眼鏡
s09,image-side-blocks,404,0,0,0,1,1,0,2,4人出現（なつみが2人）
s09,labeled-groups,101,1,0,0,0,0,0,1,なつみの眼鏡があきに移る、なつみがカーキ・さやかが茶スカート・あきが黒スカート、さやかが目を開けている、放射状でない
s09,labeled-groups,202,1,0,0,0,0,0,1,さやかが青T＋カーキ、あきが赤パーカー＋眼鏡、なつみが目を閉じる、放射状でない
s09,labeled-groups,303,1,0,0,0,0,0,1,横並び、金髪が緑セーター＋茶スカート、眼鏡の子が赤パーカー、あきが笑っていない
s09,labeled-groups,404,0,0,0,0,0,0,0,4人出現（金髪が2人）、横並びに近く放射状でない
s09,interaction-relations,101,1,1,1,1,1,1,5,
s09,interaction-relations,202,1,1,1,1,1,1,5,
s09,interaction-relations,303,1,1,1,1,1,1,5,
s09,interaction-relations,404,1,1,1,1,1,1,5,
s09,tags-break,101,0,0,0,0,1,0,1,4人出現（赤パーカーが2人）、金髪に眼鏡、あきが水色長袖＋黒スカートで笑っていない
s09,tags-break,202,1,0,0,1,0,0,2,さやかの服が白セーター、あきが赤パーカー、なつみがカーキパンツ、なつみが並行に寝て放射状でない
s09,tags-break,303,1,0,0,0,0,0,1,横並びで頭が中央に集まらない、あきに眼鏡、なつみのポニーテール無し、あきが笑っていない、BREAK文字混入
s09,tags-break,404,1,0,0,1,0,0,2,さやかとあきの下衣が入れ替わり、さやかが短髪、頭は寄るが放射状でなく配置も違う
s10,tags-only,101,1,1,1,0,1,0,4,なつみが指差ししない（膝に手）
s10,tags-only,202,1,0,0,1,1,0,3,左の子が水色T＋茶スカート、右のなつみがカーキパンツ、左右が逆
s10,tags-only,303,1,0,0,0,1,0,2,左が青長袖＋カーキで眼鏡無し、右のボブが緑セーター＋眼鏡で指差し心配顔、混線
s10,tags-only,404,1,0,1,0,1,0,3,あきに眼鏡、なつみが指差ししない
s10,name-then-appearance,101,1,0,1,0,1,0,3,あきに眼鏡、あきの手が膝に置かれているか確認できない
s10,name-then-appearance,202,1,0,1,0,1,0,3,あきに眼鏡、なつみが指差ししない
s10,name-then-appearance,303,1,0,1,0,1,0,3,なつみがカーキパンツ、あきが茶スカートで指差し（役割の入れ替わり）
s10,name-then-appearance,404,1,0,1,0,1,0,3,あきに眼鏡、なつみが指差ししない
s10,nl-sentences,101,1,1,1,1,1,1,5,
s10,nl-sentences,202,1,1,1,1,1,1,5,
s10,nl-sentences,303,1,1,1,1,1,1,5,
s10,nl-sentences,404,1,1,1,1,1,1,5,
s10,hybrid-tags-nl,101,1,1,1,1,1,1,5,
s10,hybrid-tags-nl,202,1,1,1,1,1,1,5,
s10,hybrid-tags-nl,303,1,1,1,1,1,1,5,
s10,hybrid-tags-nl,404,1,1,1,1,1,1,5,
s10,skill-position-blocks,101,1,1,1,1,1,1,5,
s10,skill-position-blocks,202,1,1,1,1,1,1,5,
s10,skill-position-blocks,303,1,1,1,1,1,1,5,
s10,skill-position-blocks,404,1,1,1,1,1,1,5,
s10,image-side-blocks,101,1,1,1,1,1,1,5,
s10,image-side-blocks,202,1,1,1,1,1,1,5,
s10,image-side-blocks,303,1,1,1,1,1,1,5,
s10,image-side-blocks,404,1,1,1,1,1,1,5,
s10,labeled-groups,101,1,1,1,0,1,0,4,なつみが指差しせず膝に手で心配顔、あきが微笑む
s10,labeled-groups,202,1,1,1,0,1,0,4,なつみが指差しせず心配顔、あきが微笑む
s10,labeled-groups,303,1,1,1,0,1,0,4,なつみが指差しせず心配顔、あきが微笑む
s10,labeled-groups,404,1,0,1,0,1,0,3,あきに眼鏡、なつみが心配顔で指差し、あきが微笑む
s10,interaction-relations,101,1,1,1,1,1,1,5,
s10,interaction-relations,202,1,1,1,1,1,1,5,
s10,interaction-relations,303,1,1,1,1,1,1,5,
s10,interaction-relations,404,1,1,1,1,1,1,5,
s10,tags-break,101,1,0,1,0,0,0,2,なつみがボブ＋そばかすで心配顔、指差しがあきに移る、あきが遠景で覗き込んでいない
s10,tags-break,202,1,0,1,0,0,0,2,なつみがボブ＋そばかす、あきに眼鏡、あきが遠景で覗き込んでいない、なつみが心配顔
s10,tags-break,303,1,0,1,0,0,0,2,なつみがボブ＋そばかすで心配顔、あきに眼鏡、あきが遠景
s10,tags-break,404,1,0,0,0,0,0,1,なつみが心配顔、あきが左下の遠景で覗き込んでいない
s11,tags-only,101,1,0,0,0,1,0,2,左右逆、さやかに眼鏡とカーキのロングスカート、なつみのスカートが黒、ボールと水筒が逆
s11,tags-only,202,1,0,0,0,1,0,2,髪と服が入れ替わり（金髪が緑セーター＋眼鏡）、持ち物も混線
s11,tags-only,303,1,0,0,0,1,0,2,左右逆、さやかに眼鏡、なつみの眼鏡なし・スカート黒、ボールと水筒が逆
s11,tags-only,404,1,0,0,0,1,0,2,左右逆、さやかに眼鏡とカーキのロングスカート、ボールと水筒が逆
s11,name-then-appearance,101,1,0,0,0,1,0,2,顔と服が入れ替わり（黒髪ポニテが赤パーカー・金髪が緑セーター）、全員眼鏡
s11,name-then-appearance,202,1,0,1,1,1,0,4,さやかに眼鏡
s11,name-then-appearance,303,1,0,0,0,1,0,2,顔と服が入れ替わり（黒髪ポニテが赤パーカー・金髪が緑セーター）、全員眼鏡
s11,name-then-appearance,404,1,0,0,0,1,0,2,顔と服が入れ替わり（黒髪ポニテが赤パーカー・金髪が緑セーター）、全員眼鏡
s11,nl-sentences,101,1,1,1,1,1,1,5,
s11,nl-sentences,202,1,1,1,1,1,1,5,
s11,nl-sentences,303,1,1,1,1,1,1,5,
s11,nl-sentences,404,1,1,1,1,1,1,5,
s11,hybrid-tags-nl,101,1,1,1,1,1,1,5,
s11,hybrid-tags-nl,202,1,1,1,1,1,1,5,
s11,hybrid-tags-nl,303,1,1,1,1,1,1,5,
s11,hybrid-tags-nl,404,1,1,1,1,1,1,5,
s11,skill-position-blocks,101,1,1,1,1,1,1,5,
s11,skill-position-blocks,202,1,1,1,1,1,1,5,
s11,skill-position-blocks,303,1,1,1,1,1,1,5,
s11,skill-position-blocks,404,1,1,1,1,1,1,5,
s11,image-side-blocks,101,1,1,1,1,1,1,5,
s11,image-side-blocks,202,1,1,1,1,1,1,5,
s11,image-side-blocks,303,1,1,1,1,1,1,5,
s11,image-side-blocks,404,1,1,1,1,1,1,5,
s11,labeled-groups,101,1,1,1,1,1,1,5,
s11,labeled-groups,202,1,0,1,1,1,0,4,さやかに眼鏡
s11,labeled-groups,303,1,1,1,1,1,1,5,
s11,labeled-groups,404,1,1,1,1,1,1,5,
s11,interaction-relations,101,1,1,1,1,1,1,5,
s11,interaction-relations,202,1,1,1,1,1,1,5,
s11,interaction-relations,303,1,1,1,1,1,1,5,
s11,interaction-relations,404,1,1,1,1,1,1,5,
s11,tags-break,101,1,0,0,0,1,0,2,髪と服が入れ替わり（金髪が緑セーター＋眼鏡・黒髪が赤パーカー）、持ち物も服側に付く
s11,tags-break,202,1,1,0,0,1,0,3,左右逆（左なつみ・右さやか）、ボール見えず
s11,tags-break,303,1,0,0,0,1,0,2,左右逆、さやかに眼鏡が移る、手の左右も逆
s11,tags-break,404,1,0,0,0,1,0,2,左右逆、さやかに眼鏡とカーキのロングスカート、なつみのスカートが濃茶、手の左右も逆
s12,tags-only,101,1,0,0,0,1,0,2,並び・服・髪が混線（左に赤パーカーのボブ、中央に眼鏡の金髪が緑セーター）、風船が右
s12,tags-only,202,1,0,0,0,1,0,2,左に金髪、中央は誰でもない黒髪ロング、右に眼鏡のボブが赤パーカー、持ち物混線
s12,tags-only,303,1,0,0,0,1,0,2,並びが入れ替わり（金髪が左）、服・眼鏡が混線、風船が左、傘が右寄り
s12,tags-only,404,1,0,0,0,1,0,2,金髪が短髪で左、あきに眼鏡、風船なし、傘がさやか
s12,name-then-appearance,101,1,0,0,0,1,0,2,左に赤パーカーの短い金髪、中央は黒髪ロングに眼鏡、右のボブが茶ロングスカート、全員本、風船が右
s12,name-then-appearance,202,1,0,0,0,1,0,2,左に金髪（緑セーター）、中央は黒髪ロングが赤パーカー、右に眼鏡、風船が右
s12,name-then-appearance,303,1,0,0,0,1,0,2,左に赤パーカーの短い金髪に眼鏡、中央に眼鏡のボブ、右は黒髪ロング、風船が黄色と青
s12,name-then-appearance,404,1,0,0,0,1,0,2,左に黒髪ロングの赤パーカー、中央に眼鏡のボブ、右に金髪、持ち物混線
s12,nl-sentences,101,1,1,1,1,1,1,5,
s12,nl-sentences,202,1,1,1,0,1,0,4,傘を持たず脇に立てかけている
s12,nl-sentences,303,1,1,1,0,1,0,4,なつみが傘でなく本を持つ（傘は脇に立つ）
s12,nl-sentences,404,1,1,1,0,1,0,4,なつみが傘でなく本を持つ（傘は脇に立つ）
s12,hybrid-tags-nl,101,1,1,1,1,1,1,5,
s12,hybrid-tags-nl,202,1,1,1,1,1,1,5,
s12,hybrid-tags-nl,303,1,1,1,1,1,1,5,
s12,hybrid-tags-nl,404,1,1,1,0,1,0,4,傘を持たず脇に立てかけている
s12,skill-position-blocks,101,1,1,1,1,1,1,5,
s12,skill-position-blocks,202,1,1,1,1,1,1,5,
s12,skill-position-blocks,303,1,1,1,1,1,1,5,
s12,skill-position-blocks,404,1,1,1,0,1,0,4,傘を持たず脇に立てかけている
s12,image-side-blocks,101,1,1,1,1,0,0,4,3分割コマで1つのベンチの場面にならない
s12,image-side-blocks,202,1,1,1,1,1,1,5,
s12,image-side-blocks,303,1,1,1,0,0,0,3,3分割コマ、なつみが傘でなく本を持つ（傘は脇に立つ）
s12,image-side-blocks,404,1,1,1,0,1,0,4,なつみが傘でなく本を持つ（傘は脇に立つ）
s12,labeled-groups,101,1,1,1,0,1,0,4,なつみが赤い本を読み傘は立てかけ、さやかが青い本、風船があき
s12,labeled-groups,202,1,0,0,0,1,0,2,左に金髪（緑セーター）、中央は赤パーカーの黒髪ボブ、右に眼鏡、持ち物混線
s12,labeled-groups,303,1,0,0,0,1,0,2,並びが入れ替わり（金髪が左）、服・眼鏡が混線、風船が右
s12,labeled-groups,404,1,1,0,0,1,0,3,並びが さやか・なつみ・あき、傘がさやか・本がなつみ・風船があき
s12,interaction-relations,101,1,1,1,1,1,1,5,
s12,interaction-relations,202,1,1,1,1,1,1,5,
s12,interaction-relations,303,1,1,1,1,1,1,5,
s12,interaction-relations,404,1,1,1,1,1,1,5,
s12,tags-break,101,1,0,1,0,1,0,3,服が混線（なつみが赤パーカー、さやかが緑セーター＋眼鏡＋カーキパンツ、あきが黒スカート）、風船があき・本がさやか
s12,tags-break,202,1,0,0,0,1,0,2,左に金髪、中央に誰でもない黒髪ロング、右あきに眼鏡と赤パーカー、持ち物混線（風船が右）
s12,tags-break,303,1,0,0,0,1,0,2,並びが入れ替わり（金髪が左）、服・眼鏡が混線、傘が右・風船が左
s12,tags-break,404,1,0,0,0,1,0,2,並びが入れ替わり（金髪が左）、服が混線、風船が黄色と青で中央と右、傘が左のさやか
